"","price","cleanliness_rating","room_type","dist"
"1",194.033698122935,10,"Private room",5.02296379808829
"2",344.245776017622,8,"Private room",0.488389288828984
"3",264.101422445106,9,"Private room",5.74831191515956
"4",433.529397979987,9,"Private room",0.384862012821602
"5",485.552925737586,10,"Private room",0.544738183429238
"6",552.808567478265,8,"Private room",2.13142008057136
"7",215.124317484123,10,"Private room",1.88109156437107
"8",2771.30738406018,10,"Entire home/apt",1.68680696520273
"9",1001.80441965646,9,"Entire home/apt",3.71914139865726
"10",276.521453846695,10,"Private room",3.1423614256297
"11",909.474374897476,10,"Entire home/apt",1.0099220248635
"12",319.640053429569,10,"Private room",2.18270710445159
"13",675.602840203407,8,"Entire home/apt",2.93304584329196
"14",552.808567478265,10,"Entire home/apt",1.30549393158984
"15",209.031471890891,8,"Private room",7.3045352665541
"16",368.851498605676,10,"Private room",1.03110060895927
"17",368.851498605676,10,"Private room",1.32779715743968
"18",337.918590209266,10,"Private room",1.36633423796711
"19",313.547207836337,10,"Private room",1.28975923030272
"20",447.589810887447,9,"Entire home/apt",1.05761933143645
"21",243.245143299042,10,"Private room",2.87063284380254
"22",933.845757270405,10,"Entire home/apt",1.01406642679186
"23",251.915731258641,10,"Private room",1.24708366697671
"24",377.287746350151,10,"Private room",1.16749230143493
"25",245.588545450285,10,"Private room",4.23063429670681
"26",217.702059850491,8,"Private room",4.18081473716799
"27",295.034330841516,10,"Private room",3.36601858238526
"28",295.034330841516,10,"Private room",4.12728001854418
"29",1032.97166826799,9,"Entire home/apt",2.16160761391017
"30",270.428608253462,10,"Private room",4.88547764075742
"31",524.687741663347,9,"Entire home/apt",1.12632697230557
"32",599.676610503128,9,"Entire home/apt",3.36359072469737
"33",516.017153703747,9,"Entire home/apt",1.07116834613958
"34",602.254352869496,10,"Entire home/apt",3.85629011289885
"35",504.065802732407,9,"Entire home/apt",4.07524788645374
"36",1609.91727790406,10,"Entire home/apt",2.9885887859177
"37",310.969465469969,9,"Entire home/apt",4.14708668567508
"38",202.704286082535,10,"Private room",5.61175015551668
"39",796.288050992431,10,"Entire home/apt",2.85499166902967
"40",504.065802732407,9,"Private room",6.41165737248718
"41",319.640053429569,10,"Private room",0.540353868178227
"42",614.44004405596,9,"Private room",0.495828246257032
"43",467.040048742765,10,"Private room",0.5143556615735
"44",716.378037635039,10,"Entire home/apt",3.69500542587883
"45",350.10428139573,10,"Private room",1.09786925897544
"46",319.640053429569,10,"Private room",0.384611599710627
"47",467.040048742765,10,"Private room",0.471546542280126
"48",983.291542661636,10,"Entire home/apt",1.43051105771566
"49",298.783774283505,9,"Private room",4.22420858726289
"50",196.611440489302,9,"Private room",6.19827862898727
"51",430.248634968247,10,"Entire home/apt",3.01944085314297
"52",319.640053429569,9,"Private room",0.363345441249856
"53",405.642912380194,9,"Private room",5.03649771445056
"54",334.169146767277,10,"Private room",1.15176413284378
"55",491.880111545942,9,"Private room",0.375135063554944
"56",319.640053429569,9,"Private room",0.360506805181602
"57",780.352916363977,10,"Private room",1.39557890986769
"58",355.025425913341,9,"Entire home/apt",1.48337059398804
"59",1044.68867902421,10,"Entire home/apt",1.5059239672494
"60",847.842898319781,10,"Entire home/apt",1.26732846172113
"61",373.772643123286,10,"Private room",0.975069337866992
"62",613.268342980339,9,"Entire home/apt",0.227260676317608
"63",238.323998781431,10,"Private room",5.83943815614
"64",430.248634968247,10,"Entire home/apt",3.02952221558518
"65",347.995219459612,6,"Entire home/apt",4.41681688628728
"66",330.419703325288,10,"Entire home/apt",2.56405190362026
"67",1179.66864293581,10,"Entire home/apt",0.626568325274764
"68",259.180277927495,10,"Private room",5.2414841679505
"69",277.927495137441,10,"Private room",3.83291422506462
"70",467.040048742765,9,"Entire home/apt",2.38789078083822
"71",583.741475874675,10,"Entire home/apt",2.57284332136076
"72",374.944344198908,6,"Private room",0.94452133382463
"73",372.36660183254,10,"Private room",3.89325419363755
"74",479.225739929229,10,"Shared room",1.37724299963528
"75",454.8543575563,10,"Entire home/apt",2.28494468474987
"76",206.453729524524,9,"Private room",6.79281178529689
"77",497.73861692405,10,"Private room",1.09505336514071
"78",399.550066786961,10,"Entire home/apt",9.3355189205058
"79",761.840039369156,9,"Private room",1.09118232606682
"80",317.062311063202,8,"Private room",2.63223794016304
"81",319.405713214445,10,"Private room",0.353081957803128
"82",209.031471890891,10,"Private room",4.68772516501575
"83",209.031471890891,10,"Private room",4.61247556274807
"84",640.45180793476,9,"Entire home/apt",1.7326208039228
"85",209.031471890891,10,"Private room",4.68689685387767
"86",934.08009748553,10,"Private room",1.11991504967501
"87",210.203172966513,9,"Private room",2.47889535174736
"88",221.217163077356,9,"Private room",6.0589886746647
"89",441.26262507909,10,"Private room",0.792226218144255
"90",325.498558807677,8,"Private room",0.924999602142323
"91",792.772947765566,10,"Entire home/apt",5.90207623209414
"92",213.952616408502,10,"Private room",7.01790675436861
"93",1557.19072950109,9,"Entire home/apt",0.750394577976171
"94",317.062311063202,10,"Private room",3.40089688450538
"95",319.640053429569,10,"Entire home/apt",3.4030984859495
"96",1044.68867902421,10,"Entire home/apt",3.0030686360809
"97",310.969465469969,9,"Entire home/apt",3.57140078670821
"98",295.034330841516,9,"Entire home/apt",4.6654114118221
"99",344.245776017622,7,"Entire home/apt",4.15707017259549
"100",3004.94457853912,9,"Entire home/apt",1.61529472873922
"101",539.216835001055,10,"Entire home/apt",3.78133105919903
"102",460.947203149533,10,"Private room",0.58518293169997
"103",1376.51442364024,10,"Entire home/apt",1.93070165922095
"104",415.485201415415,10,"Entire home/apt",5.03923317589222
"105",215.124317484123,10,"Private room",3.59922212009322
"106",393.457221193729,10,"Private room",1.49936314123436
"107",232.231153188199,10,"Private room",3.71667932629317
"108",774.260070770745,10,"Entire home/apt",1.81054031891411
"109",291.050547184402,9,"Private room",0.653966981972201
"110",604.597755020739,10,"Entire home/apt",1.8831520950903
"111",467.040048742765,10,"Entire home/apt",1.40711020075407
"112",744.498863449957,10,"Entire home/apt",2.67809200145374
"113",250.74403018302,10,"Private room",2.06157655464039
"114",544.137979518665,10,"Private room",1.7922375062525
"115",424.155789375015,10,"Entire home/apt",3.34264805071934
"116",675.602840203407,10,"Entire home/apt",1.22659984457793
"117",909.474374897476,10,"Entire home/apt",2.61870940136058
"118",264.101422445106,10,"Private room",2.85095702392196
"119",196.611440489302,10,"Private room",10.7234832523964
"120",700.442903006585,9,"Entire home/apt",4.93449370488713
"121",307.22002202798,10,"Private room",3.81630113611216
"122",528.202844890212,10,"Private room",4.29556086263506
"123",675.602840203407,10,"Entire home/apt",3.37209729167424
"124",675.602840203407,10,"Entire home/apt",1.96085686532501
"125",515.782813488623,9,"Entire home/apt",3.14129480118786
"126",442.668666369836,10,"Entire home/apt",1.6809149161304
"127",596.161507276264,10,"Entire home/apt",1.93439238266762
"128",920.488365008319,10,"Entire home/apt",1.24754518281914
"129",718.955780001406,10,"Entire home/apt",2.87036325276402
"130",276.521453846695,10,"Private room",7.72305317954697
"131",988.212687179247,9,"Entire home/apt",2.06498056439576
"132",270.428608253462,10,"Private room",2.47350256667464
"133",798.631453143674,8,"Entire home/apt",0.218366101609283
"134",3637.66315937478,10,"Entire home/apt",0.724210661306788
"135",479.460080144354,9,"Entire home/apt",2.01001697210564
"136",934.08009748553,10,"Entire home/apt",1.154753564431
"137",639.045766644014,10,"Entire home/apt",1.83763289815231
"138",1474.93731399245,10,"Private room",1.08879778735449
"139",1020.08295643615,9,"Entire home/apt",1.38880790068397
"140",1192.0886743374,10,"Entire home/apt",0.711000885262666
"141",798.631453143674,10,"Entire home/apt",3.41830516036666
"142",854.404424343262,10,"Entire home/apt",3.38582616015706
"143",614.44004405596,8,"Private room",3.68110190227081
"144",283.786000515548,9,"Private room",1.18761862490411
"145",870.105218756591,10,"Entire home/apt",3.76905312006599
"146",180.2076254306,9,"Private room",2.19643678625704
"147",242.07344222342,10,"Private room",8.28332763214961
"148",418.062943781783,9,"Private room",3.75214155978832
"149",281.442598364305,10,"Private room",2.407442724473
"150",215.124317484123,10,"Private room",8.56840750623002
"151",448.527171747944,10,"Private room",1.10116448384351
"152",614.44004405596,10,"Entire home/apt",2.37897583305334
"153",279.099196213062,9,"Private room",8.56840478036031
"154",663.651489232067,8,"Entire home/apt",3.6035604729264
"155",279.099196213062,9,"Private room",3.01861558590217
"156",1044.68867902421,10,"Entire home/apt",0.763283913465693
"157",299.721135144002,9,"Private room",4.13721126396265
"158",405.642912380194,10,"Entire home/apt",3.63677679097169
"159",2556.18306657606,10,"Entire home/apt",0.970918827134614
"160",985.63494481288,10,"Entire home/apt",2.11962320161349
"161",1214.11665455909,9,"Entire home/apt",1.93784887497216
"162",305.813980737234,10,"Private room",3.71079289102271
"163",937.595200712394,9,"Private room",1.0057848731195
"164",292.456588475148,9,"Private room",4.71897151374555
"165",552.808567478265,10,"Entire home/apt",4.45613882180817
"166",1228.88008811192,8,"Entire home/apt",4.01853227686691
"167",251.915731258641,8,"Private room",2.43039149747942
"168",258.242917066998,9,"Private room",3.16823706594846
"169",562.885196728611,10,"Private room",0.9580992248852
"170",462.118904225154,10,"Entire home/apt",0.371439545190904
"171",458.369460783165,10,"Entire home/apt",2.14664679123802
"172",184.425749302838,10,"Private room",3.47209801907125
"173",780.587256579102,10,"Entire home/apt",2.21904851595776
"174",228.716049961334,10,"Private room",1.2589013860917
"175",221.45150329248,10,"Private room",10.8534927352632
"176",385.958334309751,9,"Private room",0.161331962831583
"177",436.341480561479,9,"Entire home/apt",3.31273049357922
"178",626.391395027301,10,"Entire home/apt",2.26452051622478
"179",835.89154734844,10,"Entire home/apt",1.13304003869966
"180",833.313804982073,10,"Entire home/apt",2.37914474645899
"181",424.155789375015,10,"Entire home/apt",1.59091212084686
"182",602.254352869496,10,"Entire home/apt",2.17844472831098
"183",1425.72586881635,9,"Entire home/apt",0.693777039086838
"184",737.234316781103,10,"Entire home/apt",1.52506617712089
"185",397.206664635718,9,"Entire home/apt",6.37540638022766
"186",290.113186323905,9,"Private room",2.28560219875908
"187",221.217163077356,9,"Private room",2.47416740131008
"188",245.822885665409,10,"Private room",6.05069473720483
"189",196.611440489302,8,"Private room",10.4532195519476
"190",258.008576851874,10,"Private room",4.59935359459696
"191",1413.30583741476,10,"Private room",2.52858670948544
"192",479.460080144354,9,"Entire home/apt",4.7743101088064
"193",920.488365008319,10,"Entire home/apt",1.05027830801077
"194",622.876291800436,10,"Entire home/apt",1.75036650206916
"195",317.062311063202,10,"Private room",0.593229195930243
"196",344.245776017622,9,"Entire home/apt",5.21296650933706
"197",409.392355822183,9,"Entire home/apt",2.66127289934606
"198",282.614299439927,10,"Private room",2.15938204797343
"199",319.640053429569,9,"Private room",0.39403585626069
"200",290.113186323905,8,"Private room",2.21054634274471
"201",381.03718979214,10,"Private room",0.755333964940362
"202",276.521453846695,10,"Private room",5.92473255080299
"203",811.051484545263,10,"Entire home/apt",1.37934003989624
"204",1106.3201556019,10,"Entire home/apt",1.01838065208725
"205",435.169779485858,10,"Entire home/apt",2.53299300944956
"206",381.03718979214,10,"Private room",1.22864565590279
"207",513.673751552504,10,"Entire home/apt",3.10506379919362
"208",309.797764394348,10,"Private room",2.37020889663949
"209",516.017153703747,9,"Entire home/apt",1.19630490386179
"210",614.44004405596,10,"Private room",1.37015076272134
"211",737.234316781103,8,"Entire home/apt",2.44587533640906
"212",685.913809668877,10,"Entire home/apt",2.85979246961657
"213",823.471515946852,10,"Entire home/apt",3.50395209118642
"214",307.22002202798,9,"Entire home/apt",2.89497753104493
"215",1997.28165350456,9,"Entire home/apt",1.51227022957627
"216",638.81142642889,9,"Entire home/apt",4.02666246224716
"217",1136.55004335294,10,"Entire home/apt",3.19729859342824
"218",405.642912380194,10,"Private room",11.1871001541179
"219",400.487427647459,10,"Private room",0.830714228075956
"220",307.22002202798,10,"Private room",2.23877438217707
"221",688.022871604996,10,"Private room",1.28224672301832
"222",648.888055679235,10,"Entire home/apt",1.59103920366544
"223",331.825744616034,10,"Entire home/apt",2.61537921223474
"224",420.406345933026,9,"Entire home/apt",2.13795332663216
"225",774.260070770745,10,"Entire home/apt",3.24668560709205
"226",1126.94209453284,8,"Entire home/apt",2.88941954285758
"227",208.797131675767,8,"Private room",10.4060771694677
"228",522.344339512104,10,"Private room",2.69658139006655
"229",448.527171747944,9,"Private room",1.2243296655599
"230",204.11032737328,10,"Private room",10.8986466448448
"231",442.668666369836,9,"Private room",0.81668654180202
"232",325.498558807677,10,"Private room",3.25436003865409
"233",1351.90870105219,9,"Entire home/apt",0.612807457239456
"234",583.975816089799,10,"Entire home/apt",6.80542626875238
"235",614.44004405596,9,"Entire home/apt",4.05555888545237
"236",279.099196213062,9,"Private room",7.29790345229699
"237",345.18313687812,10,"Private room",1.20517622156061
"238",245.822885665409,10,"Private room",2.86126129098388
"239",522.344339512104,10,"Entire home/apt",9.46119327681984
"240",303.470578585991,5,"Private room",3.8756943705433
"241",798.865793358798,9,"Entire home/apt",3.81629449343628
"242",654.980901272467,10,"Private room",1.15761186422048
"243",277.458814707192,10,"Private room",4.04820902826325
"244",498.910317999672,10,"Private room",3.91970716213849
"245",491.645771330818,10,"Entire home/apt",3.06159374973675
"246",442.434326154711,10,"Private room",2.08192656314224
"247",202.704286082535,10,"Private room",8.32817401368125
"248",258.008576851874,10,"Shared room",7.17406115249598
"249",245.822885665409,10,"Private room",3.86938350286856
"250",669.7443348253,9,"Entire home/apt",2.50212523430887
"251",453.448316265554,9,"Entire home/apt",2.94636967313979
"252",706.535748599817,9,"Entire home/apt",2.53179879835775
"253",1038.36149321585,9,"Entire home/apt",0.195198050187334
"254",2500.87877580672,9,"Entire home/apt",1.42927087183776
"255",399.550066786961,9,"Private room",0.959855819666673
"256",407.986314531437,9,"Private room",1.73169023709733
"257",407.986314531437,8,"Private room",1.76356680726234
"258",319.405713214445,9,"Private room",1.11034865159534
"259",817.144330138495,10,"Entire home/apt",4.19306377351228
"260",792.772947765566,9,"Entire home/apt",6.44661106089397
"261",274.178051695451,9,"Private room",1.16338596806781
"262",774.260070770745,9,"Entire home/apt",0.345523840742521
"263",221.217163077356,10,"Private room",9.23017125623019
"264",436.341480561479,9,"Private room",1.09206119086157
"265",974.620954702036,10,"Entire home/apt",1.2238902406354
"266",1044.68867902421,9,"Entire home/apt",3.51322388253363
"267",607.175497387107,10,"Private room",1.42504548228728
"268",314.484568696834,9,"Private room",2.12312211366282
"269",390.645138612237,9,"Private room",1.42507891868844
"270",449.698872823565,10,"Private room",0.240366976118377
"271",181.84800693647,10,"Private room",2.71652180085433
"272",2458.22885665409,10,"Entire home/apt",1.16276143084034
"273",410.32971668268,8,"Entire home/apt",2.03368664013648
"274",771.682328404378,9,"Entire home/apt",2.67021758898895
"275",415.250861200291,10,"Entire home/apt",7.08105242236631
"276",577.414290066318,9,"Entire home/apt",1.24549016752544
"277",531.952288332201,9,"Entire home/apt",1.21005284544098
"278",552.808567478265,9,"Entire home/apt",6.32919008503253
"279",1651.86417641131,10,"Entire home/apt",0.947950114903138
"280",282.848639655051,10,"Entire home/apt",4.04677392100638
"281",347.995219459612,10,"Private room",7.44807611909449
"282",485.552925737586,9,"Entire home/apt",2.42112627911386
"283",436.341480561479,10,"Private room",0.731635759834344
"284",221.217163077356,10,"Private room",2.77262964703731
"285",460.947203149533,10,"Entire home/apt",1.66031695807189
"286",552.808567478265,9,"Entire home/apt",8.14996777365445
"287",368.851498605676,10,"Entire home/apt",6.97890808943753
"288",209.031471890891,9,"Private room",4.62975973073052
"289",568.978042321843,10,"Private room",0.501641371664476
"290",1044.68867902421,9,"Entire home/apt",1.73818367874875
"291",489.302369179575,8,"Entire home/apt",0.531434361114255
"292",239.730040072177,9,"Private room",1.87789046845459
"293",734.89091462986,9,"Entire home/apt",0.826863694636473
"294",274.178051695451,10,"Private room",3.16926240593254
"295",399.550066786961,10,"Private room",1.11800165948026
"296",337.918590209266,10,"Private room",3.04263281495936
"297",474.070255196494,10,"Entire home/apt",7.49498762197964
"298",534.764370913693,10,"Entire home/apt",2.29054436567065
"299",436.341480561479,9,"Private room",0.982325608797663
"300",1112.17866098001,9,"Entire home/apt",0.938419959790016
"301",614.44004405596,9,"Private room",0.868937678021849
"302",202.704286082535,9,"Private room",3.57898881317967
"303",430.248634968247,10,"Entire home/apt",3.48120679035905
"304",243.245143299042,9,"Private room",7.10481591698772
"305",277.693154922316,10,"Private room",2.75980764273213
"306",356.431467204087,10,"Private room",2.93044982123714
"307",555.386309844632,10,"Private room",0.397128727499151
"308",352.682023762098,9,"Entire home/apt",4.75330122059168
"309",318.234012138823,9,"Private room",0.643279793390964
"310",368.617158390551,9,"Entire home/apt",1.84341480289254
"311",774.260070770745,10,"Private room",3.24091975361233
"312",1029.92524547138,9,"Entire home/apt",1.77631683186327
"313",326.670259883299,8,"Entire home/apt",3.92533308033895
"314",299.721135144002,10,"Private room",3.81282106785276
"315",688.022871604996,8,"Entire home/apt",4.8943069814804
"316",399.315726571837,10,"Entire home/apt",2.74840604089789
"317",362.524312797319,10,"Entire home/apt",2.46501338853773
"318",350.10428139573,10,"Private room",1.18252315667085
"319",1038.36149321585,9,"Entire home/apt",1.76190097363896
"320",432.357696904366,8,"Private room",1.43337341108591
"321",337.684249994142,10,"Private room",1.55140012697169
"322",1118.27150657324,10,"Entire home/apt",1.96011552062919
"323",335.575188058023,9,"Private room",3.31046256472923
"324",468.211749818386,10,"Entire home/apt",2.46418339809043
"325",241.839102008296,9,"Private room",6.32486346550931
"326",1739.03873643756,10,"Entire home/apt",2.14059851531515
"327",368.617158390551,10,"Entire home/apt",6.29136597328247
"328",346.589178168866,9,"Private room",2.01135592861515
"329",417.828603566658,10,"Private room",2.93780188645349
"330",421.343706793523,10,"Entire home/apt",1.73785130276705
"331",712.862934408174,10,"Entire home/apt",1.08884123927918
"332",308.391723103602,9,"Private room",1.91313682246303
"333",333.231785906779,9,"Private room",2.1368991958336
"334",356.197126988963,10,"Private room",1.86884440535317
"335",351.510322686476,9,"Private room",1.5647645877322
"336",264.33576266023,10,"Private room",3.54892641493003
"337",344.245776017622,10,"Private room",2.5794567688943
"338",515.782813488623,9,"Entire home/apt",2.68040341853275
"339",491.645771330818,10,"Entire home/apt",4.05191760725571
"340",501.253720150915,10,"Entire home/apt",2.31454839492116
"341",552.808567478265,10,"Entire home/apt",1.47562073707332
"342",386.192674524875,10,"Private room",0.286227036394247
"343",1136.55004335294,9,"Entire home/apt",0.36393392906958
"344",268.085206102219,10,"Private room",8.39619396545116
"345",319.405713214445,10,"Private room",3.25726833968008
"346",1210.3672111171,9,"Entire home/apt",7.96930598896132
"347",540.6228762918,9,"Entire home/apt",3.53040385878742
"348",1044.68867902421,10,"Entire home/apt",2.15872723608007
"349",539.685515431303,10,"Entire home/apt",5.30925405553005
"350",485.552925737586,10,"Entire home/apt",3.55053751311776
"351",178.098563494481,10,"Private room",8.89420624851134
"352",661.308087080824,9,"Private room",0.297472634776715
"353",1572.89152391442,9,"Private room",0.167313147764472
"354",329.48234246479,9,"Private room",0.370008275266844
"355",436.107140346355,10,"Entire home/apt",3.38649066988086
"356",722.236543013147,9,"Entire home/apt",2.05614396206371
"357",399.550066786961,10,"Entire home/apt",1.98733651486557
"358",602.020012654372,9,"Entire home/apt",2.58314490806896
"359",319.405713214445,9,"Private room",7.40177492495943
"360",817.144330138495,10,"Entire home/apt",2.20265516104141
"361",439.856583788344,10,"Entire home/apt",4.74529133957405
"362",546.715721885033,10,"Entire home/apt",2.48625608495136
"363",1161.15576594099,9,"Entire home/apt",1.14333525630049
"364",393.457221193729,10,"Private room",1.66102202532199
"365",386.192674524875,10,"Private room",0.342806163876766
"366",540.6228762918,10,"Entire home/apt",0.89931933774475
"367",614.44004405596,10,"Entire home/apt",1.46907536447466
"368",196.611440489302,9,"Private room",4.45291253977435
"369",784.102359805966,8,"Entire home/apt",1.3407265036145
"370",675.602840203407,10,"Private room",1.2216762047029
"371",259.414618142619,9,"Private room",2.67860779300117
"372",467.040048742765,10,"Private room",1.64508571126624
"373",442.668666369836,9,"Private room",0.289526651567275
"374",436.107140346355,9,"Private room",0.272670172718266
"375",473.132894335997,10,"Private room",0.922796231237302
"376",371.194900756919,7,"Entire home/apt",1.34037355251373
"377",298.783774283505,9,"Entire home/apt",1.29802294508596
"378",143.650551871207,8,"Private room",6.50226006891884
"379",917.910622641952,10,"Entire home/apt",3.61384756717935
"380",165.678532092892,10,"Private room",8.78717569020699
"381",968.29376889368,10,"Entire home/apt",2.58096349077195
"382",548.121763175779,10,"Entire home/apt",3.04651512983206
"383",636.702364492771,10,"Entire home/apt",1.08770578676381
"384",642.560869870879,10,"Entire home/apt",1.78501372837598
"385",344.245776017622,10,"Private room",0.280445586645971
"386",373.772643123286,10,"Private room",0.902817036775705
"387",737.234316781103,8,"Entire home/apt",1.540950935993
"388",194.033698122935,10,"Private room",11.0380449885804
"389",2061.95955287887,9,"Entire home/apt",1.33712942715815
"390",282.848639655051,9,"Private room",2.77121607290491
"391",1130.69153797483,8,"Entire home/apt",2.22879519624466
"392",669.7443348253,10,"Entire home/apt",3.10858994215772
"393",233.637194478945,9,"Private room",4.0910736894608
"394",636.702364492771,10,"Entire home/apt",2.64414960032116
"395",552.808567478265,9,"Entire home/apt",9.18667971121529
"396",368.851498605676,10,"Private room",0.749909127940408
"397",855.341785203759,10,"Entire home/apt",2.5809800774886
"398",675.837180418532,10,"Entire home/apt",2.58097688219399
"399",243.245143299042,9,"Private room",7.25682371057993
"400",391.816839687859,9,"Private room",0.93572242847441
"401",491.645771330818,9,"Entire home/apt",0.742038354371036
"402",549.527804466525,8,"Private room",0.971569080547961
"403",422.749748084269,9,"Private room",0.275434890252614
"404",438.919222927847,10,"Private room",1.20929388838549
"405",368.851498605676,10,"Entire home/apt",2.12111897230149
"406",602.020012654372,9,"Entire home/apt",3.56381636145674
"407",280.036557073559,10,"Private room",4.59324843086317
"408",447.589810887447,9,"Private room",2.11607096725497
"409",362.524312797319,9,"Private room",4.59393115228719
"410",191.690295971692,9,"Private room",6.64888830659307
"411",626.625735242425,10,"Private room",0.533797618014943
"412",409.392355822183,9,"Private room",1.472049269005
"413",271.600309329084,10,"Private room",3.3978644701004
"414",345.417477093244,10,"Private room",2.7168173082893
"415",387.130035385372,9,"Entire home/apt",1.87916745196169
"416",737.234316781103,10,"Private room",2.15300999149841
"417",765.589482811145,9,"Entire home/apt",3.29657340692773
"418",307.22002202798,10,"Private room",3.4881599879392
"419",1179.66864293581,10,"Entire home/apt",0.666236999852606
"420",657.324303423711,9,"Private room",3.08412255272151
"421",620.767229864317,10,"Private room",3.16415959634469
"422",618.18948749795,10,"Private room",3.15025422068291
"423",409.392355822183,9,"Entire home/apt",2.94297888563465
"424",507.580905959272,9,"Private room",2.75760807433875
"425",392.051179902983,9,"Entire home/apt",2.70904509125289
"426",737.234316781103,8,"Entire home/apt",0.50497494730946
"427",501.253720150915,10,"Private room",0.337945765176101
"428",700.442903006585,9,"Entire home/apt",2.79303872488107
"429",399.550066786961,9,"Private room",0.406258429077624
"430",300.892836219624,9,"Private room",2.81182864479685
"431",722.705223443395,8,"Entire home/apt",2.95591359712782
"432",306.048320952359,9,"Private room",2.89934847567651
"433",678.414922784899,10,"Entire home/apt",10.7298297052251
"434",418.062943781783,10,"Entire home/apt",1.07796150325269
"435",482.975183371218,9,"Entire home/apt",0.336221040543231
"436",1542.42729594826,10,"Entire home/apt",1.99521195643639
"437",968.29376889368,9,"Entire home/apt",2.58101302436662
"438",767.932884962388,9,"Entire home/apt",2.12315708887601
"439",272.537670189581,10,"Private room",1.82174699558443
"440",624.282333091182,9,"Entire home/apt",3.57514350998906
"441",1179.66864293581,10,"Entire home/apt",1.40604687700459
"442",602.254352869496,9,"Entire home/apt",3.54396096875058
"443",358.77486935533,9,"Private room",2.75894430827971
"444",943.688046305627,10,"Entire home/apt",2.49564889900842
"445",313.312867621212,10,"Private room",0.743948359039764
"446",452.276615189933,10,"Private room",1.33510600205886
"447",241.136081362923,10,"Private room",8.2320465697507
"448",393.457221193729,10,"Private room",7.32587053581091
"449",526.093782954093,8,"Entire home/apt",2.09666384427628
"450",704.192346448574,9,"Entire home/apt",3.70499546883959
"451",712.62859419305,10,"Entire home/apt",3.43419424135107
"452",553.042907693389,10,"Private room",3.85038141162526
"453",497.73861692405,10,"Private room",0.804595631521898
"454",356.431467204087,10,"Entire home/apt",0.099653501265351
"455",1167.24861153423,10,"Entire home/apt",1.97607609484711
"456",860.26292972137,10,"Entire home/apt",1.09236076730576
"457",276.521453846695,10,"Private room",3.01149271760527
"458",1450.3315914044,10,"Entire home/apt",0.527193210656106
"459",436.107140346355,9,"Private room",1.47810019727505
"460",362.524312797319,10,"Private room",1.34373073964379
"461",1804.18531624212,9,"Entire home/apt",0.43310939481954
"462",423.92144915989,10,"Private room",0.897636847252083
"463",521.172638436482,9,"Private room",0.82141281720873
"464",491.645771330818,9,"Entire home/apt",11.0377360359002
"465",374.944344198908,9,"Private room",0.948788096520026
"466",718.955780001406,9,"Entire home/apt",3.91085197453886
"467",301.127176434748,10,"Private room",1.6265889740902
"468",277.693154922316,10,"Private room",1.3605492938037
"469",331.825744616034,10,"Private room",1.09358416732445
"470",228.716049961334,10,"Private room",6.00393719542016
"471",798.631453143674,10,"Entire home/apt",1.47417472781914
"472",228.716049961334,10,"Private room",6.00395195217358
"473",239.495699857053,9,"Private room",9.3480299457329
"474",301.127176434748,10,"Private room",5.41627552372851
"475",577.414290066318,10,"Private room",2.41086795767422
"476",368.851498605676,10,"Entire home/apt",3.60838844801883
"477",363.461673657817,10,"Private room",1.4922559400801
"478",387.130035385372,10,"Private room",1.39510700453361
"479",331.825744616034,10,"Private room",1.20063665627876
"480",774.260070770745,10,"Entire home/apt",3.24292341770894
"481",337.918590209266,10,"Private room",1.36129043372315
"482",270.428608253462,10,"Private room",5.30374489460501
"483",280.036557073559,10,"Private room",2.47738454182687
"484",798.631453143674,9,"Entire home/apt",3.6449349182708
"485",743.56150258946,10,"Entire home/apt",1.57773124563172
"486",288.707145033159,8,"Private room",0.680393007262244
"487",384.786633234129,10,"Entire home/apt",1.4441892411275
"488",878.775806716191,9,"Private room",0.188528827889392
"489",1567.03301853631,10,"Entire home/apt",0.138664558432836
"490",614.44004405596,10,"Private room",3.83771114559885
"491",337.684249994142,10,"Entire home/apt",2.62287725672983
"492",489.302369179575,8,"Entire home/apt",1.0632696220787
"493",764.417781735524,10,"Private room",1.23674650258209
"494",196.611440489302,9,"Private room",7.08371132760971
"495",1044.68867902421,8,"Entire home/apt",0.287707143928718
"496",394.394582054226,10,"Entire home/apt",5.14561090760699
"497",721.533522367774,9,"Entire home/apt",3.99482851107197
"498",556.558010920254,7,"Private room",0.599999568542628
"499",762.074379584281,10,"Private room",0.756970102359457
"500",337.918590209266,10,"Private room",1.2314256801753
"501",890.961497902655,10,"Entire home/apt",3.96324394373733
"502",410.564056897804,9,"Private room",4.69702236945333
"503",1429.24097204321,10,"Entire home/apt",0.691933325614957
"504",175.755161343238,10,"Private room",8.37739928497762
"505",280.036557073559,9,"Private room",1.90727435046977
"506",386.895695170248,10,"Entire home/apt",2.97890625387168
"507",522.344339512104,9,"Entire home/apt",2.90540478625042
"508",196.611440489302,9,"Private room",4.2882700074238
"509",288.707145033159,9,"Private room",1.84180856861841
"510",921.660066083941,10,"Entire home/apt",1.60158736423807
"511",362.524312797319,10,"Entire home/apt",7.69322729263163
"512",734.89091462986,9,"Entire home/apt",0.554541320929304
"513",393.457221193729,7,"Entire home/apt",0.829427466367728
"514",531.952288332201,10,"Entire home/apt",2.52542276026534
"515",295.26867105664,10,"Private room",6.47903410652462
"516",368.851498605676,9,"Private room",0.499551765435498
"517",196.611440489302,10,"Private room",7.97273829305117
"518",276.28711363157,10,"Private room",1.18031514354248
"519",378.693787640897,10,"Entire home/apt",3.69800828352638
"520",510.158648325639,10,"Private room",7.89712460713007
"521",700.442903006585,10,"Entire home/apt",1.99405238347529
"522",381.03718979214,10,"Private room",1.1540346975168
"523",209.031471890891,10,"Private room",6.40592987687432
"524",1032.50298783774,9,"Entire home/apt",1.16172178291901
"525",491.645771330818,9,"Private room",0.607457490485489
"526",284.95770159117,10,"Private room",3.64661730768184
"527",325.498558807677,10,"Private room",0.298882235907775
"528",337.918590209266,9,"Private room",0.264543912102268
"529",1002.97612073208,10,"Entire home/apt",1.51128636473086
"530",571.321444473086,10,"Entire home/apt",1.897924428357
"531",215.124317484123,10,"Private room",4.57375564673948
"532",970.871511260047,10,"Entire home/apt",0.781664629754556
"533",405.408572165069,10,"Private room",2.15768377191836
"534",393.457221193729,10,"Entire home/apt",1.87111567754698
"535",909.474374897476,9,"Entire home/apt",3.12479210393515
"536",657.324303423711,10,"Entire home/apt",3.56921069765452
"537",288.707145033159,10,"Shared room",3.60783653184992
"538",393.457221193729,9,"Entire home/apt",3.1346149544387
"539",1892.53157734399,10,"Entire home/apt",2.03826082197501
"540",372.36660183254,10,"Private room",3.02348575677037
"541",583.975816089799,10,"Private room",2.15192273472874
"542",613.034002765215,10,"Entire home/apt",3.38818760577173
"543",348.932580320109,10,"Private room",3.06478262654074
"544",306.048320952359,10,"Private room",1.83989785832795
"545",276.28711363157,6,"Private room",2.4326944526459
"546",774.728751200994,9,"Entire home/apt",0.618875283877139
"547",568.978042321843,8,"Entire home/apt",2.98655953482348
"548",489.302369179575,10,"Entire home/apt",0.53891103210491
"549",1259.57865629321,8,"Entire home/apt",1.84392333258976
"550",497.504276708926,10,"Entire home/apt",1.88806475350274
"551",1166.31125067373,10,"Entire home/apt",2.60266242328589
"552",632.952921050782,9,"Private room",0.44043270378182
"553",1072.80950483913,9,"Private room",1.92705363938692
"554",255.430834485506,8,"Private room",2.44363464606476
"555",337.918590209266,10,"Private room",6.64146886597979
"556",221.45150329248,10,"Private room",10.1495630645224
"557",253.321772549387,9,"Private room",10.128259537927
"558",253.321772549387,9,"Private room",10.0734900909615
"559",253.321772549387,10,"Private room",9.96621180978298
"560",393.457221193729,10,"Private room",1.2177899313284
"561",504.065802732407,9,"Entire home/apt",1.17082113805078
"562",399.550066786961,10,"Private room",1.13014929005867
"563",1296.60441028285,10,"Entire home/apt",2.18173619033209
"564",907.130972746233,10,"Entire home/apt",2.33614084379687
"565",344.245776017622,10,"Private room",1.86288497141306
"566",539.216835001055,10,"Private room",0.972105032580031
"567",814.800927987252,10,"Entire home/apt",0.992702453740026
"568",614.44004405596,9,"Entire home/apt",2.92828133916841
"569",1413.30583741476,8,"Entire home/apt",2.32768271483582
"570",796.288050992431,10,"Entire home/apt",3.60270144290363
"571",467.040048742765,9,"Private room",2.87785531732153
"572",346.589178168866,9,"Entire home/apt",1.765112584976
"573",344.245776017622,10,"Private room",1.26471516620637
"574",438.919222927847,9,"Entire home/apt",4.2962593278166
"575",2058.21010943688,10,"Entire home/apt",2.97560720156364
"576",276.28711363157,10,"Private room",7.59458809759793
"577",602.020012654372,9,"Entire home/apt",1.51708852547908
"578",337.918590209266,10,"Private room",6.52514564303182
"579",589.834321467907,8,"Entire home/apt",2.83477808821334
"580",424.155789375015,9,"Entire home/apt",3.62708902671525
"581",430.248634968247,9,"Private room",1.27730083037989
"582",410.564056897804,10,"Private room",1.13970558530482
"583",546.715721885033,9,"Entire home/apt",1.41239253334569
"584",430.248634968247,9,"Private room",1.23936636438663
"585",774.260070770745,10,"Entire home/apt",1.43238105757742
"586",577.414290066318,10,"Entire home/apt",2.86334734415985
"587",792.772947765566,10,"Private room",1.47854106309369
"588",454.8543575563,9,"Private room",1.30088012806071
"589",228.716049961334,10,"Private room",3.03826059542991
"590",221.217163077356,9,"Private room",5.59841274438666
"591",405.408572165069,9,"Private room",2.09198792873076
"592",405.408572165069,8,"Private room",2.23897185034177
"593",642.560869870879,9,"Entire home/apt",3.8198082186519
"594",618.18948749795,8,"Entire home/apt",2.14427177527455
"595",268.085206102219,10,"Private room",3.50601407333658
"596",299.721135144002,10,"Entire home/apt",3.43869705794259
"597",470.789492184754,10,"Entire home/apt",1.27079449364567
"598",385.489653879502,10,"Entire home/apt",2.081457384391
"599",428.139573032128,10,"Entire home/apt",1.08662302113989
"600",342.605394511752,10,"Entire home/apt",1.58520742975948
"601",342.605394511752,10,"Entire home/apt",1.94704053969407
"602",393.457221193729,10,"Private room",0.18475783587077
"603",467.040048742765,9,"Entire home/apt",2.37860246416926
"604",417.828603566658,10,"Entire home/apt",4.08400622870126
"605",688.022871604996,10,"Entire home/apt",0.726370205921993
"606",417.828603566658,10,"Private room",4.82775958502032
"607",786.44576195721,9,"Private room",0.955192831876313
"608",1007.66292503457,10,"Private room",1.01651929573386
"609",264.33576266023,10,"Private room",2.99884250768635
"610",551.636866402643,10,"Private room",1.13375739938378
"611",442.668666369836,9,"Entire home/apt",3.73249886598809
"612",390.879478827362,9,"Private room",1.35579020699236
"613",1075.38724720549,9,"Entire home/apt",1.94253362114317
"614",307.22002202798,10,"Entire home/apt",6.70503956249382
"615",651.231457830478,10,"Entire home/apt",4.1526654017664
"616",546.715721885033,10,"Entire home/apt",3.75311677103631
"617",675.602840203407,8,"Entire home/apt",4.75532024743629
"618",321.749115365688,10,"Private room",0.480410412654442
"619",921.660066083941,10,"Entire home/apt",2.28341261781674
"620",209.031471890891,9,"Private room",4.89263333499328
"621",388.301736460994,10,"Private room",0.922344123377798
"622",725.048625594638,10,"Private room",3.69452487899943
"623",255.66517470063,9,"Private room",2.22138307388281
"624",245.822885665409,10,"Private room",2.5770677097147
"625",797.694092283177,10,"Entire home/apt",1.27277694667623
"626",299.721135144002,10,"Entire home/apt",2.09055168807898
"627",651.231457830478,6,"Entire home/apt",1.7688966597852
"628",528.437185105336,4,"Private room",3.80966255801544
"629",254.493473625009,9,"Private room",3.02404807891325
"630",177.161202633984,8,"Private room",7.15497323251701
"631",576.242588990697,10,"Entire home/apt",0.90840554599442
"632",1290.27722447449,10,"Entire home/apt",1.60402266744172
"633",144.822252946828,9,"Private room",7.54806760058228
"634",501.488060366039,9,"Entire home/apt",1.30618604556753
"635",468.446090033511,10,"Entire home/apt",1.05644313686125
"636",459.775502073911,10,"Private room",0.339675579722919
"637",405.642912380194,10,"Entire home/apt",3.6248366918596
"638",624.282333091182,10,"Entire home/apt",1.55257861719419
"639",504.065802732407,10,"Entire home/apt",4.0755841571363
"640",768.167225177513,10,"Entire home/apt",2.95435485336454
"641",306.048320952359,9,"Private room",3.53650881183764
"642",497.73861692405,9,"Entire home/apt",1.70184424846786
"643",325.498558807677,8,"Private room",1.20508983812207
"644",737.234316781103,9,"Entire home/apt",2.37195049434305
"645",287.769784172662,10,"Private room",2.28273641327237
"646",952.592974480351,10,"Entire home/apt",3.07898466546904
"647",254.259133409884,10,"Private room",7.72162833534793
"648",250.509689967895,10,"Private room",2.74660519453016
"649",378.693787640897,10,"Entire home/apt",3.61017940782275
"650",205.282028448902,9,"Private room",5.1791753688717
"651",1259.57865629321,9,"Entire home/apt",0.562845551090813
"652",258.008576851874,10,"Private room",2.45688338110974
"653",288.707145033159,9,"Entire home/apt",6.96087417483731
"654",375.881705059405,6,"Entire home/apt",1.76304325519749
"655",371.194900756919,9,"Private room",0.855120809024581
"656",958.451479858459,9,"Entire home/apt",7.15091688738129
"657",196.611440489302,10,"Entire home/apt",5.73153981745359
"658",370.023199681297,10,"Private room",1.97549720054656
"659",280.036557073559,9,"Private room",2.42096857227174
"660",814.566587772128,9,"Private room",2.29842336735182
"661",786.44576195721,10,"Entire home/apt",2.52902597371977
"662",313.312867621212,10,"Private room",3.61505254123758
"663",789.960865184074,8,"Entire home/apt",1.34925090452546
"664",356.431467204087,10,"Entire home/apt",3.51024448560059
"665",276.28711363157,8,"Private room",2.64325443391969
"666",144.822252946828,9,"Private room",7.61134340294672
"667",995.477233848101,7,"Entire home/apt",0.0150587980705548
"668",1019.84861622103,9,"Entire home/apt",1.08872763891731
"669",363.696013872941,10,"Private room",0.708642130731959
"670",295.26867105664,9,"Private room",10.488524566478
"671",639.045766644014,10,"Entire home/apt",2.30873872500181
"672",367.44545731493,10,"Private room",3.79816723392807
"673",362.524312797319,10,"Private room",3.75495459870596
"674",504.065802732407,10,"Entire home/apt",1.72415277071539
"675",691.537974831861,9,"Entire home/apt",2.98361340952535
"676",362.524312797319,10,"Entire home/apt",10.1892221076406
"677",201.532585006913,9,"Private room",3.59651743820061
"678",330.419703325288,10,"Private room",2.30623982477093
"679",572.727485763832,10,"Private room",3.18469307970524
"680",425.093150235512,9,"Entire home/apt",3.40824595660698
"681",651.231457830478,10,"Entire home/apt",2.62032152520109
"682",362.524312797319,7,"Entire home/apt",2.19011438968144
"683",423.92144915989,10,"Entire home/apt",2.01939839312702
"684",540.6228762918,9,"Private room",1.31068555502603
"685",374.944344198908,9,"Private room",0.296313380922673
"686",424.155789375015,10,"Private room",0.33454361755293
"687",442.434326154711,9,"Entire home/apt",0.839606097070404
"688",411.735757973426,10,"Private room",1.31066130901438
"689",430.248634968247,9,"Private room",0.42632138376714
"690",614.44004405596,8,"Entire home/apt",8.16427787974148
"691",405.642912380194,10,"Entire home/apt",2.52068113053108
"692",950.015232113983,9,"Private room",0.280208167169303
"693",342.839734726876,10,"Private room",2.86195289255098
"694",256.836875776252,8,"Private room",2.63815806668958
"695",319.405713214445,7,"Private room",0.715513972894764
"696",410.564056897804,10,"Entire home/apt",3.30006309768576
"697",700.442903006585,10,"Entire home/apt",1.94864284056437
"698",245.822885665409,9,"Private room",2.08510419607652
"699",534.764370913693,10,"Entire home/apt",2.79026193655461
"700",571.321444473086,9,"Entire home/apt",3.29445345932649
"701",356.431467204087,10,"Private room",1.30323643144247
"702",1041.17357579734,10,"Entire home/apt",0.863623443131226
"703",768.635905607761,10,"Entire home/apt",0.96857725812162
"704",342.605394511752,10,"Entire home/apt",3.79742470114116
"705",430.248634968247,8,"Entire home/apt",2.16389710392701
"706",210.203172966513,8,"Private room",3.32571748851089
"707",301.127176434748,9,"Private room",6.61257018336539
"708",841.750052726548,9,"Entire home/apt",1.17059194018489
"709",614.44004405596,10,"Entire home/apt",4.08137998337679
"710",702.083284512455,8,"Entire home/apt",2.03240144377952
"711",380.568509361892,9,"Private room",2.97209949545444
"712",313.312867621212,10,"Private room",0.721579078300156
"713",337.918590209266,10,"Entire home/apt",2.7578981263551
"714",288.707145033159,10,"Private room",0.781513835331402
"715",199.892203501043,9,"Private room",2.32188051339412
"716",344.245776017622,10,"Private room",2.2513736484668
"717",282.848639655051,10,"Private room",1.27642506828249
"718",276.28711363157,9,"Private room",2.34136564542513
"719",251.915731258641,8,"Private room",2.52753214674383
"720",405.642912380194,10,"Entire home/apt",3.20848080309633
"721",283.786000515548,10,"Private room",3.95901572867442
"722",356.431467204087,9,"Private room",2.66157624666651
"723",244.416844374663,9,"Private room",2.57591820916023
"724",320.811754505191,9,"Private room",3.31696230615207
"725",645.37295245237,10,"Private room",0.2872028149663
"726",1714.43301384951,8,"Private room",0.622138700786964
"727",564.056897804232,10,"Private room",3.4006261921916
"728",940.172943078762,9,"Entire home/apt",1.16065180560038
"729",465.634007452019,10,"Private room",1.79085145116365
"730",368.851498605676,10,"Private room",6.3262199211623
"731",491.645771330818,9,"Entire home/apt",1.55984210657977
"732",177.161202633984,10,"Private room",4.24537977942573
"733",391.816839687859,10,"Private room",1.31950797992096
"734",443.606027230333,9,"Entire home/apt",1.9085670632872
"735",565.228598879854,9,"Entire home/apt",6.84285186563212
"736",921.660066083941,8,"Entire home/apt",0.409939998097975
"737",950.015232113983,8,"Private room",2.09181870186592
"738",694.584397628477,9,"Entire home/apt",1.72919694706712
"739",313.312867621212,10,"Private room",8.43653601707825
"740",517.423194994493,10,"Private room",4.48662064538932
"741",288.707145033159,10,"Private room",5.18939469305441
"742",300.892836219624,10,"Private room",1.36782606296269
"743",479.460080144354,10,"Private room",4.16627968801048
"744",640.45180793476,6,"Entire home/apt",1.90897969786766
"745",1066.48231903077,8,"Entire home/apt",2.19513531141673
"746",496.566915848429,10,"Entire home/apt",2.80745674374268
"747",420.406345933026,9,"Private room",1.99234154692445
"748",359.946570430952,10,"Private room",0.711857471822521
"749",421.343706793523,10,"Entire home/apt",3.29993548860144
"750",540.6228762918,7,"Entire home/apt",0.810810365710657
"751",251.915731258641,10,"Private room",4.32034184498901
"752",305.813980737234,9,"Private room",0.372031374979597
"753",1228.88008811192,10,"Entire home/apt",1.37919710239543
"754",645.37295245237,10,"Private room",0.899713596528808
"755",645.37295245237,10,"Private room",0.919888161132057
"756",613.737023410588,10,"Private room",0.776168460422295
"757",245.822885665409,9,"Private room",6.34895423462532
"758",589.834321467907,10,"Entire home/apt",1.44537703604465
"759",534.530030698568,10,"Entire home/apt",2.32528705562498
"760",1348.62793804045,10,"Entire home/apt",1.6098833605868
"761",464.462306376397,9,"Private room",0.807950511277608
"762",356.431467204087,10,"Private room",0.998782402022667
"763",387.130035385372,10,"Private room",1.03320693638515
"764",387.130035385372,10,"Private room",1.02876421376996
"765",304.642279661613,10,"Private room",3.01885948113663
"766",491.645771330818,8,"Entire home/apt",3.59260534519949
"767",1348.62793804045,10,"Entire home/apt",1.87457627217322
"768",254.493473625009,10,"Private room",3.34692548642227
"769",473.132894335997,10,"Entire home/apt",3.3303845709507
"770",274.178051695451,9,"Private room",1.87558496252006
"771",647.482014388489,10,"Entire home/apt",1.09674815261224
"772",342.605394511752,10,"Entire home/apt",2.52055709987447
"773",632.952921050782,9,"Entire home/apt",7.07223837823108
"774",511.564689616385,9,"Private room",1.44471857449187
"775",354.322405267968,10,"Private room",1.42878722081408
"776",535.70173177419,8,"Entire home/apt",3.46030076378125
"777",271.834649544208,10,"Private room",3.26204463516197
"778",798.631453143674,10,"Entire home/apt",1.14700185483641
"779",325.498558807677,10,"Entire home/apt",3.58381727348355
"780",673.493778267288,8,"Entire home/apt",0.803137881949531
"781",699.036861715839,10,"Entire home/apt",0.915902696479018
"782",282.848639655051,9,"Private room",1.42068891510778
"783",491.645771330818,10,"Private room",0.499707691512589
"784",361.352611721698,10,"Entire home/apt",0.11480567677719
"785",331.825744616034,10,"Private room",2.34438404475563
"786",331.825744616034,10,"Private room",2.33223389845095
"787",1199.58756122138,10,"Entire home/apt",3.62854235635603
"788",422.749748084269,8,"Private room",1.85906843196852
"789",319.640053429569,10,"Private room",4.78158899627791
"790",606.003796311485,10,"Entire home/apt",7.53642806384735
"791",351.041642256228,10,"Entire home/apt",4.29841504805386
"792",682.867386872261,10,"Entire home/apt",2.20655201933929
"793",675.837180418532,8,"Entire home/apt",4.09445187308875
"794",552.808567478265,9,"Entire home/apt",7.75952886884479
"795",233.637194478945,10,"Private room",3.95708155534681
"796",361.118271506573,10,"Entire home/apt",7.72557401135643
"797",476.882337777986,10,"Private room",5.42855475316027
"798",403.065170013826,9,"Entire home/apt",1.83514208740601
"799",669.7443348253,10,"Entire home/apt",1.41246070277286
"800",622.876291800436,9,"Entire home/apt",2.0998153753361
"801",454.8543575563,10,"Private room",2.38345669442605
"802",258.242917066998,8,"Private room",6.9262012964624
"803",639.983127504511,10,"Entire home/apt",4.2205562080727
"804",297.612073207883,10,"Entire home/apt",4.29814549396728
"805",309.563424179223,10,"Private room",3.34523581600141
"806",307.22002202798,9,"Private room",4.30267587069197
"807",281.442598364305,10,"Private room",4.74739440532404
"808",339.090291284887,10,"Private room",1.53784722797683
"809",279.099196213062,9,"Private room",4.6055971877719
"810",245.588545450285,9,"Private room",4.93255068023649
"811",921.660066083941,10,"Entire home/apt",1.30897079634853
"812",458.369460783165,8,"Entire home/apt",4.73291990539405
"813",313.312867621212,9,"Private room",1.33860225998981
"814",315.89060998758,9,"Private room",1.32795670295078
"815",699.036861715839,10,"Private room",1.05055051883208
"816",397.206664635718,10,"Entire home/apt",2.42837065663293
"817",504.065802732407,10,"Private room",1.42392411422439
"818",653.574859981721,10,"Entire home/apt",0.894664969960746
"819",258.242917066998,9,"Private room",7.5403300835715
"820",398.144025496215,10,"Private room",2.6127669848938
"821",798.631453143674,10,"Entire home/apt",0.705391654063855
"822",304.876619876737,9,"Private room",2.86313420789644
"823",449.464532608441,10,"Private room",2.29269569087977
"824",303.001898155743,4,"Private room",2.12389226634189
"825",292.456588475148,10,"Private room",0.880809765330693
"826",306.048320952359,9,"Entire home/apt",3.66016171428363
"827",403.065170013826,10,"Private room",1.00046244065308
"828",387.130035385372,10,"Private room",1.04692735159644
"829",250.74403018302,10,"Private room",5.52960224470148
"830",274.178051695451,9,"Private room",6.48134966208494
"831",447.589810887447,10,"Private room",0.274636761505759
"832",366.508096454433,10,"Private room",0.962413623277227
"833",426.030511096009,10,"Entire home/apt",4.1998721610195
"834",467.040048742765,10,"Private room",0.222465342423443
"835",1198.18151993064,10,"Entire home/apt",1.06222771440044
"836",161.929088650903,9,"Private room",7.14576856789159
"837",550.465165327022,10,"Entire home/apt",0.569995691333897
"838",522.344339512104,9,"Entire home/apt",1.83824141516932
"839",764.417781735524,10,"Entire home/apt",3.87970374280145
"840",602.020012654372,7,"Entire home/apt",3.67303503102552
"841",245.822885665409,10,"Private room",9.82461576919605
"842",298.783774283505,8,"Private room",3.55742474778979
"843",221.217163077356,7,"Private room",2.86510105349294
"844",940.172943078762,10,"Private room",0.914562889574329
"845",417.828603566658,8,"Entire home/apt",4.09319812259034
"846",649.12239589436,10,"Entire home/apt",4.03139527492449
"847",952.592974480351,10,"Entire home/apt",1.25595762562544
"848",215.124317484123,9,"Private room",6.27325420247125
"849",274.178051695451,10,"Private room",4.68732160698465
"850",325.498558807677,9,"Private room",0.406359167097411
"851",447.355470672322,10,"Private room",0.261317734361628
"852",1348.62793804045,10,"Entire home/apt",1.82024415363423
"853",636.702364492771,9,"Private room",0.435387981268101
"854",566.6346401706,6,"Entire home/apt",1.87127596818202
"855",256.836875776252,10,"Private room",3.32112837004636
"856",196.611440489302,9,"Private room",8.24764925254747
"857",234.574555339442,10,"Private room",5.91542262802676
"858",378.693787640897,10,"Private room",0.556655986638772
"859",264.33576266023,10,"Private room",4.19934994547734
"860",128.887118318375,10,"Entire home/apt",3.91440997121927
"861",274.178051695451,10,"Private room",2.41683799080712
"862",485.552925737586,10,"Entire home/apt",2.06776476468626
"863",340.496332575633,10,"Private room",0.836743373497465
"864",814.566587772128,8,"Private room",2.28061954125462
"865",288.707145033159,9,"Private room",3.91002073374356
"866",713.800295268671,10,"Entire home/apt",1.00023451440853
"867",405.408572165069,10,"Private room",0.506752107935493
"868",786.44576195721,10,"Entire home/apt",1.02562763314624
"869",718.955780001406,9,"Entire home/apt",2.02071521743304
"870",405.642912380194,8,"Entire home/apt",2.59472648975498
"871",258.008576851874,10,"Private room",1.88569592275643
"872",823.471515946852,10,"Entire home/apt",1.74936254799356
"873",761.840039369156,9,"Entire home/apt",2.18321725083681
"874",531.952288332201,10,"Entire home/apt",1.35247754827073
"875",295.034330841516,10,"Private room",2.84804151940293
"876",921.660066083941,10,"Entire home/apt",3.11350132984668
"877",289.644505893656,10,"Entire home/apt",5.50104031193898
"878",539.216835001055,10,"Private room",4.84361473755542
"879",773.088369695123,10,"Entire home/apt",2.98065111545015
"880",307.22002202798,10,"Private room",6.76013584662514
"881",307.22002202798,10,"Private room",6.80256919496017
"882",288.707145033159,8,"Private room",3.67080169417802
"883",467.040048742765,10,"Entire home/apt",2.07770339043409
"884",552.808567478265,8,"Private room",4.54737429633139
"885",921.660066083941,10,"Entire home/apt",1.56050572179162
"886",614.44004405596,10,"Entire home/apt",2.17628679091166
"887",423.92144915989,10,"Entire home/apt",0.593217562184255
"888",626.391395027301,10,"Entire home/apt",2.83493232181353
"889",737.234316781103,9,"Entire home/apt",0.985424878379576
"890",198.954842640546,10,"Private room",3.87450446015964
"891",282.614299439927,10,"Private room",2.11579009570519
"892",467.040048742765,10,"Entire home/apt",4.9439558549044
"893",411.501417758302,10,"Private room",2.261111740612
"894",811.051484545263,9,"Entire home/apt",1.92975426368569
"895",614.44004405596,7,"Entire home/apt",3.74560886867563
"896",270.428608253462,10,"Private room",5.13277607179698
"897",276.521453846695,10,"Private room",7.21349520998022
"898",258.242917066998,10,"Private room",2.88582604677472
"899",384.786633234129,10,"Entire home/apt",4.02936964374177
"900",728.798069036627,10,"Entire home/apt",3.15355622934021
"901",387.130035385372,8,"Entire home/apt",1.90415233352585
"902",233.637194478945,6,"Private room",8.14503677081598
"903",1301.29121458534,10,"Entire home/apt",1.85860134768555
"904",436.107140346355,10,"Entire home/apt",4.3031294540041
"905",393.457221193729,10,"Entire home/apt",1.85188766182356
"906",515.548473273499,10,"Entire home/apt",3.62081251346371
"907",225.669627164718,10,"Private room",1.62080858421259
"908",209.031471890891,6,"Private room",8.0695081791365
"909",393.925901623978,10,"Private room",2.17697949742186
"910",504.065802732407,10,"Entire home/apt",2.26239245653308
"911",350.338621610855,10,"Private room",2.18950545834589
"912",221.217163077356,10,"Private room",6.0276074541924
"913",258.008576851874,10,"Private room",3.08374393150508
"914",430.248634968247,9,"Entire home/apt",5.9689563746995
"915",405.642912380194,10,"Entire home/apt",3.46167533637767
"916",669.7443348253,8,"Entire home/apt",1.37944605514814
"917",540.6228762918,10,"Entire home/apt",4.03332520794366
"918",1044.68867902421,9,"Entire home/apt",0.495594127599204
"919",215.124317484123,10,"Private room",3.67892513427303
"920",258.008576851874,10,"Private room",3.3301962748361
"921",201.532585006913,10,"Private room",5.59049207795143
"922",368.851498605676,10,"Entire home/apt",3.90955563046708
"923",217.702059850491,10,"Private room",4.22137416092794
"924",1388.70011482671,10,"Entire home/apt",0.122820324841359
"925",409.392355822183,10,"Entire home/apt",2.56666739074128
"926",196.611440489302,10,"Private room",4.83013139454153
"927",589.834321467907,10,"Entire home/apt",1.30528445393134
"928",356.431467204087,10,"Private room",2.46884197406134
"929",682.164366226888,8,"Entire home/apt",1.97676039927875
"930",356.431467204087,10,"Entire home/apt",3.06394057778052
"931",1049.37548332669,9,"Entire home/apt",1.35271715098185
"932",952.358634265226,10,"Entire home/apt",3.57226104592109
"933",454.8543575563,9,"Entire home/apt",1.22864171275678
"934",823.471515946852,10,"Entire home/apt",0.56842812771044
"935",737.234316781103,10,"Entire home/apt",2.40362909703716
"936",1714.43301384951,10,"Entire home/apt",1.16504977909057
"937",919.082323717573,9,"Entire home/apt",1.43628117340948
"938",227.310008670588,10,"Private room",3.60672230360847
"939",539.451175216179,10,"Entire home/apt",2.94311922996358
"940",366.273756239308,10,"Private room",0.757428795942138
"941",657.324303423711,10,"Entire home/apt",2.52538351656617
"942",218.639420710988,8,"Private room",4.399832981973
"943",1013.99011084292,9,"Entire home/apt",1.33074662536317
"944",307.22002202798,10,"Private room",3.1304863803783
"945",319.405713214445,10,"Private room",1.11034740184877
"946",786.44576195721,9,"Entire home/apt",1.33230400575317
"947",614.44004405596,9,"Private room",0.815283155892049
"948",934.08009748553,9,"Entire home/apt",0.471918029472684
"949",282.848639655051,9,"Private room",3.24175079251335
"950",233.637194478945,10,"Private room",3.7614260822687
"951",233.637194478945,10,"Private room",4.03597120002301
"952",540.6228762918,10,"Entire home/apt",3.92818771766419
"953",653.809200196846,10,"Entire home/apt",2.58685038587469
"954",1005.0851826682,9,"Entire home/apt",1.57479379178633
"955",522.344339512104,9,"Private room",0.434168399680475
"956",245.822885665409,10,"Private room",2.9685963070226
"957",614.44004405596,10,"Entire home/apt",1.05661230139694
"958",390.645138612237,9,"Entire home/apt",2.17021780606967
"959",442.434326154711,9,"Private room",2.10656584266115
"960",556.792351135378,10,"Entire home/apt",3.32253999783897
"961",374.944344198908,10,"Entire home/apt",3.79447081179284
"962",460.712862934408,9,"Entire home/apt",3.8480784383216
"963",264.101422445106,9,"Entire home/apt",2.49464030605253
"964",399.550066786961,10,"Entire home/apt",3.46962561245902
"965",432.357696904366,10,"Private room",1.9724401037661
"966",393.457221193729,9,"Private room",3.79857767854832
"967",1474.93731399245,9,"Entire home/apt",1.61504603318284
"968",228.716049961334,9,"Private room",4.67777332464295
"969",393.457221193729,10,"Private room",9.73819617685732
"970",651.231457830478,9,"Entire home/apt",2.33238007258411
"971",7782.90722470883,10,"Entire home/apt",2.98073374541505
"972",319.640053429569,10,"Private room",2.25446938432765
"973",390.879478827362,10,"Entire home/apt",2.52683009688294
"974",552.808567478265,9,"Entire home/apt",2.48266003907583
"975",935.017458346027,8,"Entire home/apt",2.04108883906226
"976",192.861997047313,8,"Shared room",9.40166478062082
"977",276.28711363157,8,"Private room",2.24971845839874
"978",262.929721369484,10,"Private room",3.0634913554156
"979",546.715721885033,10,"Entire home/apt",0.609720209467448
"980",312.141166545591,10,"Private room",0.290728499113068
"981",368.617158390551,10,"Entire home/apt",1.66922950891554
"982",782.461978300096,10,"Entire home/apt",1.73333712894731
"983",344.245776017622,10,"Private room",1.93991104920013
"984",430.248634968247,10,"Entire home/apt",3.09123173688416
"985",940.172943078762,10,"Entire home/apt",7.99688295816188
"986",325.498558807677,9,"Private room",2.13897037129212
"987",841.984392941673,10,"Entire home/apt",1.33191768831455
"988",309.797764394348,10,"Private room",1.17141053148171
"989",399.315726571837,10,"Entire home/apt",3.54316298719351
"990",953.764675555972,9,"Private room",2.10591890662329
"991",504.065802732407,10,"Private room",0.353720534417082
"992",264.101422445106,9,"Private room",5.90641611212465
"993",332.060084831158,10,"Private room",3.65774952464408
"994",332.060084831158,10,"Private room",3.65773207643044
"995",218.873760926113,10,"Private room",5.21197104037542
"996",356.431467204087,10,"Private room",0.443551854878957
"997",491.645771330818,10,"Entire home/apt",2.12505781023399
"998",454.8543575563,10,"Entire home/apt",5.62888654152849
"999",329.48234246479,10,"Private room",0.982377859667654
"1000",702.786305157828,10,"Entire home/apt",0.416242311928918
"1001",307.22002202798,9,"Entire home/apt",2.72774377456794
"1002",230.825111897453,9,"Private room",2.99323255809405
"1003",504.065802732407,10,"Entire home/apt",2.74590114658642
"1004",209.031471890891,8,"Private room",3.3235731332696
"1005",442.668666369836,10,"Private room",0.589522255464993
"1006",334.169146767277,10,"Private room",2.5991483876993
"1007",1148.7357345394,9,"Entire home/apt",2.14116567173395
"1008",1167.24861153423,10,"Entire home/apt",3.99960563161819
"1009",288.707145033159,10,"Private room",5.06798342542867
"1010",184.425749302838,9,"Private room",5.61829871376194
"1011",372.36660183254,9,"Entire home/apt",1.88670316994996
"1012",640.45180793476,9,"Entire home/apt",2.1575576443211
"1013",304.876619876737,8,"Private room",5.83676132226253
"1014",313.312867621212,9,"Entire home/apt",2.0503115341116
"1015",209.031471890891,9,"Shared room",1.99446231930224
"1016",475.47629648724,10,"Private room",0.506577138301069
"1017",546.715721885033,9,"Entire home/apt",1.89964529317582
"1018",227.310008670588,10,"Private room",3.03618314177752
"1019",749.420007967567,9,"Entire home/apt",1.06262081793871
"1020",310.735125254845,9,"Entire home/apt",2.27342857227189
"1021",431.420336043868,10,"Private room",0.447804627613765
"1022",275.349752771073,9,"Private room",6.64530350743903
"1023",261.758020293863,10,"Private room",3.22155051587875
"1024",196.611440489302,8,"Private room",10.9672362709922
"1025",1474.93731399245,10,"Entire home/apt",1.089158355422
"1026",293.62828955077,8,"Private room",2.18317378916436
"1027",497.73861692405,9,"Entire home/apt",2.92410184445732
"1028",312.141166545591,10,"Private room",1.87084326384687
"1029",280.036557073559,10,"Private room",2.07213718389822
"1030",675.602840203407,10,"Entire home/apt",2.41446133960385
"1031",682.164366226888,9,"Entire home/apt",2.30258713018433
"1032",946.03144845687,9,"Entire home/apt",1.11750909554545
"1033",192.861997047313,9,"Private room",7.38580497715529
"1034",538.279474140557,9,"Entire home/apt",3.07356800760304
"1035",1576.64096735641,10,"Entire home/apt",1.67800140961355
"1036",439.856583788344,9,"Entire home/apt",2.25648579877053
"1037",658.730344714456,8,"Entire home/apt",3.52589358908729
"1038",218.873760926113,10,"Private room",3.05091738921035
"1039",921.660066083941,10,"Entire home/apt",3.58630774782673
"1040",315.89060998758,10,"Private room",1.73417847005936
"1041",509.924308110515,9,"Entire home/apt",2.81862604248649
"1042",899.632085862255,9,"Entire home/apt",3.99128584220996
"1043",245.588545450285,10,"Private room",4.85701331104898
"1044",386.895695170248,9,"Entire home/apt",3.51335468724546
"1045",1155.29726056289,9,"Entire home/apt",1.14108207299758
"1046",242.07344222342,9,"Private room",3.64965968885521
"1047",188.175192744827,8,"Private room",3.11900216050456
"1048",355.259766128465,9,"Private room",0.993573101969696
"1049",549.527804466525,9,"Entire home/apt",3.73689749894247
"1050",894.710941344644,10,"Private room",0.398396608630599
"1051",784.102359805966,9,"Entire home/apt",1.73496145178377
"1052",737.234316781103,10,"Entire home/apt",2.44005193222863
"1053",373.538302908162,10,"Private room",3.53667647893982
"1054",405.642912380194,10,"Private room",0.175799909749418
"1055",798.631453143674,10,"Entire home/apt",0.802580630957499
"1056",264.33576266023,10,"Private room",2.00447986075701
"1057",1941.50868230497,10,"Entire home/apt",0.516734947889863
"1058",1450.09725118928,10,"Entire home/apt",0.875465757144424
"1059",796.288050992431,10,"Entire home/apt",1.71426713478111
"1060",442.668666369836,9,"Entire home/apt",2.58278278849576
"1061",734.89091462986,10,"Entire home/apt",3.3762037438952
"1062",540.6228762918,10,"Entire home/apt",2.92582193564715
"1063",712.862934408174,10,"Entire home/apt",2.24871399297077
"1064",884.868652309423,10,"Entire home/apt",3.30649413287831
"1065",264.101422445106,10,"Private room",5.27202371851271
"1066",538.513814355682,10,"Entire home/apt",2.61353773274653
"1067",442.668666369836,10,"Private room",2.42947072089341
"1068",378.459447425773,9,"Entire home/apt",1.51046208871665
"1069",524.687741663347,9,"Private room",3.57648158762699
"1070",319.640053429569,10,"Private room",1.89028394542053
"1071",221.217163077356,10,"Private room",3.20051825703889
"1072",351.510322686476,10,"Private room",0.721166611693865
"1073",847.842898319781,10,"Private room",1.56869842709327
"1074",337.684249994142,9,"Private room",2.84948533588657
"1075",233.637194478945,9,"Private room",2.78410414734584
"1076",237.855318351182,9,"Private room",5.51496515663288
"1077",965.01300588194,10,"Entire home/apt",0.691227347664673
"1078",388.06739624587,10,"Entire home/apt",2.86004021786127
"1079",381.03718979214,10,"Entire home/apt",2.82486652066575
"1080",360.180910646076,10,"Private room",3.08152565710212
"1081",358.77486935533,10,"Private room",3.14137476180777
"1082",194.033698122935,10,"Private room",4.91512703520097
"1083",755.981533991048,9,"Entire home/apt",2.01084126072071
"1084",316.827970848077,10,"Private room",2.97205579677177
"1085",768.167225177513,10,"Entire home/apt",3.60986034968334
"1086",307.22002202798,10,"Private room",1.46780007317475
"1087",276.28711363157,10,"Entire home/apt",3.83955625888789
"1088",1437.91156000281,9,"Entire home/apt",0.438281440493811
"1089",1062.9672158039,9,"Entire home/apt",0.832102426710589
"1090",584.913176950296,10,"Entire home/apt",2.00649263950415
"1091",571.55578468821,9,"Entire home/apt",3.03897813991983
"1092",167.318913598763,8,"Private room",4.86773245303582
"1093",792.772947765566,10,"Entire home/apt",1.36055625393017
"1094",909.474374897476,8,"Entire home/apt",2.13591933289652
"1095",228.716049961334,10,"Private room",7.62876627841789
"1096",378.693787640897,9,"Entire home/apt",3.32672523150855
"1097",295.034330841516,8,"Private room",4.88043026080386
"1098",356.197126988963,10,"Private room",2.16925273202121
"1099",2486.11534225388,10,"Entire home/apt",2.37583262303917
"1100",233.637194478945,10,"Private room",4.71973585621955
"1101",317.062311063202,10,"Private room",0.598354501177695
"1102",1812.85590420172,8,"Entire home/apt",1.94301989872298
"1103",258.008576851874,8,"Shared room",0.280204367033648
